UniprotID.TF	UniprotID.Target	NCBI.GeneID.TF	NCBI.GeneID.Target	Name.TF	Name.Target	Detection.method	PubmedID	Organism	Source.database	Small-scale.evidence	TF.TFLink.ortho	TF.nonTFLink.ortho	Target.TFLink.ortho
Q96AQ6	O75840	57326	8609	PBXIP1	KLF7	chromatin immunoprecipitation assay	38749504	Homo sapiens	Chip-Atlas	-	-	-	-
Q96AQ6	P48039	57326	4543	PBXIP1	MTNR1A	chromatin immunoprecipitation assay	38749504	Homo sapiens	Chip-Atlas	-	-	-	-
Q96AQ6	Q9GZR7	57326	57062	PBXIP1	DDX24	chromatin immunoprecipitation assay	38749504	Homo sapiens	Chip-Atlas	-	-	-	-
Q96AQ6	Q9P2P5	57326	57520	PBXIP1	HECW2	chromatin immunoprecipitation assay	38749504	Homo sapiens	Chip-Atlas	-	-	-	-
P04637	Q5T1J5	7157		TP53	CHCHD2P9	chromatin immunoprecipitation assay	38749504	Homo sapiens	Chip-Atlas	-	-	-	-
P04637	Q9Y6M9	7157	4715	TP53	NDUFB9	chromatin immunoprecipitation assay	38749504	Homo sapiens	Chip-Atlas	-	-	-	-
P04637	P02751	7157	2335	TP53	FN1	chromatin immunoprecipitation assay	38749504	Homo sapiens	Chip-Atlas	-	-	-	-
Q96AQ6	P08581	57326	4233	PBXIP1	MET	chromatin immunoprecipitation assay	38749504	Homo sapiens	Chip-Atlas	-	-	-	-
P04637	P05386	7157	6176	TP53	RPLP1	chromatin immunoprecipitation assay	38749504	Homo sapiens	Chip-Atlas	-	-	-	-
Q96AQ6	Q9BUE6	57326	81689	PBXIP1	ISCA1	chromatin immunoprecipitation assay	38749504	Homo sapiens	Chip-Atlas	-	-	-	-
Q96AQ6	Q9H1Z8	57326	84417	PBXIP1	ECRG4	chromatin immunoprecipitation assay	38749504	Homo sapiens	Chip-Atlas	-	-	-	-
Q96AQ6	O75054	57326	3321	PBXIP1	IGSF3	chromatin immunoprecipitation assay	38749504	Homo sapiens	Chip-Atlas	-	-	-	-
P04637	Q71UM5	7157	51065	TP53	RPS27L	chromatin immunoprecipitation assay	38749504	Homo sapiens	Chip-Atlas	-	-	-	-
P04637	Q9H4B4	7157	1263	TP53	PLK3	chromatin immunoprecipitation assay	38749504	Homo sapiens	Chip-Atlas	-	-	-	-
P04637	O95298	7157	4718	TP53	NDUFC2	chromatin immunoprecipitation assay	38749504	Homo sapiens	Chip-Atlas	-	-	-	-
Q96AQ6	Q86UE6	57326	347730	PBXIP1	LRRTM1	chromatin immunoprecipitation assay	38749504	Homo sapiens	Chip-Atlas	-	-	-	-
Q96AQ6	Q01064	57326	5153	PBXIP1	PDE1B	chromatin immunoprecipitation assay	38749504	Homo sapiens	Chip-Atlas	-	-	-	-
Q96AQ6	P02794	57326	2495	PBXIP1	FTH1	chromatin immunoprecipitation assay	38749504	Homo sapiens	Chip-Atlas	-	-	-	-
P04637	P07203	7157	2876	TP53	GPX1	chromatin immunoprecipitation assay	38749504	Homo sapiens	Chip-Atlas	-	-	-	-
Q96AQ6	P23468	57326	5789	PBXIP1	PTPRD	chromatin immunoprecipitation assay	38749504	Homo sapiens	Chip-Atlas	-	-	-	-
Q96AQ6	Q9Y2F9	57326	22903	PBXIP1	BTBD3	chromatin immunoprecipitation assay	38749504	Homo sapiens	Chip-Atlas	-	-	-	-
P04637	Q92466	7157	1643	TP53	DDB2	chromatin immunoprecipitation assay	38749504	Homo sapiens	Chip-Atlas	-	-	-	-
Q96AQ6	Q969T4	57326	10477	PBXIP1	UBE2E3	chromatin immunoprecipitation assay	38749504	Homo sapiens	Chip-Atlas	-	-	-	-
P04637	P02794	7157	2495	TP53	FTH1	chromatin immunoprecipitation assay	38749504	Homo sapiens	Chip-Atlas	-	-	-	-
Q96AQ6	O15243	57326	54741	PBXIP1	LEPR	chromatin immunoprecipitation assay	38749504	Homo sapiens	Chip-Atlas	-	-	-	-
P04637	P07951	7157	7169	TP53	TPM2	chromatin immunoprecipitation assay	38749504	Homo sapiens	Chip-Atlas	-	-	-	-
Q96AQ6	Q8WWU5	57326	6954	PBXIP1	TCP11	chromatin immunoprecipitation assay	38749504	Homo sapiens	Chip-Atlas	-	-	-	-
P04637	O43715	7157	51499	TP53	TRIAP1	chromatin immunoprecipitation assay	38749504	Homo sapiens	Chip-Atlas	-	-	-	-
Q96AQ6	A6NDR6	57326		PBXIP1	MEIS3P1	chromatin immunoprecipitation assay	38749504	Homo sapiens	Chip-Atlas	-	-	-	-
Q96AQ6	P20309	57326	1131	PBXIP1	CHRM3	chromatin immunoprecipitation assay	38749504	Homo sapiens	Chip-Atlas	-	-	-	-
Q96AQ6	Q9UPX6	57326	23251	PBXIP1	MINAR1	chromatin immunoprecipitation assay	38749504	Homo sapiens	Chip-Atlas	-	-	-	-
Q96AQ6	P29558	57326	5937	PBXIP1	RBMS1	chromatin immunoprecipitation assay	38749504	Homo sapiens	Chip-Atlas	-	-	-	-
Q96AQ6	P0C091	57326	166752	PBXIP1	FREM3	chromatin immunoprecipitation assay	38749504	Homo sapiens	Chip-Atlas	-	-	-	-
Q96AQ6	A4D1E1	57326	219578	PBXIP1	ZNF804B	chromatin immunoprecipitation assay	38749504	Homo sapiens	Chip-Atlas	-	-	-	-
Q96AQ6	O75762	57326	8989	PBXIP1	TRPA1	chromatin immunoprecipitation assay	38749504	Homo sapiens	Chip-Atlas	-	-	-	-
Q96AQ6	O60669	57326	9194	PBXIP1	SLC16A7	chromatin immunoprecipitation assay	38749504	Homo sapiens	Chip-Atlas	-	-	-	-
P04637	Q96MC9	7157		TP53	IKBKE-AS1	chromatin immunoprecipitation assay	38749504	Homo sapiens	Chip-Atlas	-	-	-	-
Q96AQ6	Q2VWP7	57326	283659	PBXIP1	PRTG	chromatin immunoprecipitation assay	38749504	Homo sapiens	Chip-Atlas	-	-	-	-
P04637	P25445	7157	355	TP53	FAS	chromatin immunoprecipitation assay	38749504	Homo sapiens	Chip-Atlas	-	-	-	-
Q96AQ6	Q9BW62	57326	84056	PBXIP1	KATNAL1	chromatin immunoprecipitation assay	38749504	Homo sapiens	Chip-Atlas	-	-	-	-
P04637	P61769	7157	567	TP53	B2M	chromatin immunoprecipitation assay	38749504	Homo sapiens	Chip-Atlas	-	-	-	-
Q96AQ6	P13647	57326	3852	PBXIP1	KRT5	chromatin immunoprecipitation assay	38749504	Homo sapiens	Chip-Atlas	-	-	-	-
Q96AQ6	Q9H720	57326	80157	PBXIP1	CWH43	chromatin immunoprecipitation assay	38749504	Homo sapiens	Chip-Atlas	-	-	-	-
Q96AQ6	Q6ZUS6	57326	91050	PBXIP1	CCDC149	chromatin immunoprecipitation assay	38749504	Homo sapiens	Chip-Atlas	-	-	-	-
Q96AQ6	P48051	57326	3763	PBXIP1	KCNJ6	chromatin immunoprecipitation assay	38749504	Homo sapiens	Chip-Atlas	-	-	-	-
Q96AQ6	Q5VW36	57326	54914	PBXIP1	FOCAD	chromatin immunoprecipitation assay	38749504	Homo sapiens	Chip-Atlas	-	-	-	-
Q96AQ6	Q5VU57	57326	84871	PBXIP1	AGBL4	chromatin immunoprecipitation assay	38749504	Homo sapiens	Chip-Atlas	-	-	-	-
Q96AQ6	Q16799	57326	6252	PBXIP1	RTN1	chromatin immunoprecipitation assay	38749504	Homo sapiens	Chip-Atlas	-	-	-	-
P04637	P08708	7157	6218	TP53	RPS17	chromatin immunoprecipitation assay	38749504	Homo sapiens	Chip-Atlas	-	-	-	-
Q96AQ6	Q9P212	57326	51196	PBXIP1	PLCE1	chromatin immunoprecipitation assay	38749504	Homo sapiens	Chip-Atlas	-	-	-	-
Q96AQ6	Q5VX52	57326	100505741	PBXIP1	SPATA1	chromatin immunoprecipitation assay	38749504	Homo sapiens	Chip-Atlas	-	-	-	-
Q96AQ6	Q7Z553	57326	161357	PBXIP1	MDGA2	chromatin immunoprecipitation assay	38749504	Homo sapiens	Chip-Atlas	-	-	-	-
Q96AQ6	Q9ULB5	57326	1005	PBXIP1	CDH7	chromatin immunoprecipitation assay	38749504	Homo sapiens	Chip-Atlas	-	-	-	-
Q96AQ6	Q08378	57326	2802	PBXIP1	GOLGA3	chromatin immunoprecipitation assay	38749504	Homo sapiens	Chip-Atlas	-	-	-	-
Q96AQ6	P0CJ87	57326		PBXIP1	DUX4L4	chromatin immunoprecipitation assay	38749504	Homo sapiens	Chip-Atlas	-	-	-	-
Q96AQ6	Q9Y5P4	57326	10087	PBXIP1	CERT1	chromatin immunoprecipitation assay	38749504	Homo sapiens	Chip-Atlas	-	-	-	-
Q96AQ6	P57052	57326	54033	PBXIP1	RBM11	chromatin immunoprecipitation assay	38749504	Homo sapiens	Chip-Atlas	-	-	-	-
Q96AQ6	A0A024RBG1	57326	11163;440672	PBXIP1	NUDT4B	chromatin immunoprecipitation assay	38749504	Homo sapiens	Chip-Atlas	-	-	-	-
P04637	P05141	7157	292	TP53	SLC25A5	chromatin immunoprecipitation assay	38749504	Homo sapiens	Chip-Atlas	-	-	-	-
Q96AQ6	Q9P2E9	57326	6238	PBXIP1	RRBP1	chromatin immunoprecipitation assay	38749504	Homo sapiens	Chip-Atlas	-	-	-	-
P04637	Q08378	7157	2802	TP53	GOLGA3	chromatin immunoprecipitation assay	38749504	Homo sapiens	Chip-Atlas	-	-	-	-
P04637	Q9Y5J5	7157	23612	TP53	PHLDA3	chromatin immunoprecipitation assay	38749504	Homo sapiens	Chip-Atlas	-	-	-	-
P04637	P63261	7157	71	TP53	ACTG1	chromatin immunoprecipitation assay	38749504	Homo sapiens	Chip-Atlas	-	-	-	-
Q96AQ6	Q96GX9	57326	51074	PBXIP1	APIP	chromatin immunoprecipitation assay	38749504	Homo sapiens	Chip-Atlas	-	-	-	-
Q96AQ6	D6RBM5	57326		PBXIP1	USP17L23	chromatin immunoprecipitation assay	38749504	Homo sapiens	Chip-Atlas	-	-	-	-
Q96AQ6	P0DJJ0	57326	653464	PBXIP1	SRGAP2C	chromatin immunoprecipitation assay	38749504	Homo sapiens	Chip-Atlas	-	-	-	-
Q96AQ6	Q9UHC6	57326	26047	PBXIP1	CNTNAP2	chromatin immunoprecipitation assay	38749504	Homo sapiens	Chip-Atlas	-	-	-	-
P04637	P60709	7157	60	TP53	ACTB	chromatin immunoprecipitation assay	38749504	Homo sapiens	Chip-Atlas	-	-	-	-
P04637	Q8IYM9	7157	10346	TP53	TRIM22	chromatin immunoprecipitation assay	38749504	Homo sapiens	Chip-Atlas	-	-	-	-
Q96AQ6	Q14BN4	57326	7871	PBXIP1	SLMAP	chromatin immunoprecipitation assay	38749504	Homo sapiens	Chip-Atlas	-	-	-	-
P04637	P62917	7157	6132	TP53	RPL8	chromatin immunoprecipitation assay	38749504	Homo sapiens	Chip-Atlas	-	-	-	-
Q96AQ6	Q9H981	57326	93973	PBXIP1	ACTR8	chromatin immunoprecipitation assay	38749504	Homo sapiens	Chip-Atlas	-	-	-	-
Q96AQ6	P63218	57326	2787	PBXIP1	GNG5	chromatin immunoprecipitation assay	38749504	Homo sapiens	Chip-Atlas	-	-	-	-
P04637	P68104	7157	1915	TP53	EEF1A1	chromatin immunoprecipitation assay	38749504	Homo sapiens	Chip-Atlas	-	-	-	-
Q96AQ6	Q96NH3	57326	221322	PBXIP1	TBC1D32	chromatin immunoprecipitation assay	38749504	Homo sapiens	Chip-Atlas	-	-	-	-
Q96AQ6	P28290	57326	6744	PBXIP1	ITPRID2	chromatin immunoprecipitation assay	38749504	Homo sapiens	Chip-Atlas	-	-	-	-
Q96AQ6	Q15147	57326	5332	PBXIP1	PLCB4	chromatin immunoprecipitation assay	38749504	Homo sapiens	Chip-Atlas	-	-	-	-
Q96AQ6	O15217	57326	2941	PBXIP1	GSTA4	chromatin immunoprecipitation assay	38749504	Homo sapiens	Chip-Atlas	-	-	-	-
P04637	O60673	7157	5980	TP53	REV3L	chromatin immunoprecipitation assay	38749504	Homo sapiens	Chip-Atlas	-	-	-	-
Q96AQ6	Q96SB4	57326	6732	PBXIP1	SRPK1	chromatin immunoprecipitation assay	38749504	Homo sapiens	Chip-Atlas	-	-	-	-
Q96AQ6	Q9NSY1	57326	55589	PBXIP1	BMP2K	chromatin immunoprecipitation assay	38749504	Homo sapiens	Chip-Atlas	-	-	-	-
Q96AQ6	O15021	57326	375449	PBXIP1	MAST4	chromatin immunoprecipitation assay	38749504	Homo sapiens	Chip-Atlas	-	-	-	-
Q96AQ6	O95816	57326	9532	PBXIP1	BAG2	chromatin immunoprecipitation assay	38749504	Homo sapiens	Chip-Atlas	-	-	-	-
Q96AQ6	Q53GL0	57326	51177	PBXIP1	PLEKHO1	chromatin immunoprecipitation assay	38749504	Homo sapiens	Chip-Atlas	-	-	-	-
Q96AQ6	Q7Z3S9	57326	388677	PBXIP1	NOTCH2NLA	chromatin immunoprecipitation assay	38749504	Homo sapiens	Chip-Atlas	-	-	-	-
Q96AQ6	Q86T23	57326		PBXIP1	CROCCP2	chromatin immunoprecipitation assay	38749504	Homo sapiens	Chip-Atlas	-	-	-	-
P04637	P39019	7157	6223	TP53	RPS19	chromatin immunoprecipitation assay	38749504	Homo sapiens	Chip-Atlas	-	-	-	-
Q96AQ6	Q8TEW8	57326	117583	PBXIP1	PARD3B	chromatin immunoprecipitation assay	38749504	Homo sapiens	Chip-Atlas	-	-	-	-
P04637	Q5SZL2	7157	387119	TP53	CEP85L	chromatin immunoprecipitation assay	38749504	Homo sapiens	Chip-Atlas	-	-	-	-
Q96AQ6	Q86VW0	57326	91404	PBXIP1	SESTD1	chromatin immunoprecipitation assay	38749504	Homo sapiens	Chip-Atlas	-	-	-	-
Q96AQ6	Q9UBT6	57326	51426	PBXIP1	POLK	chromatin immunoprecipitation assay	38749504	Homo sapiens	Chip-Atlas	-	-	-	-
P04637	P18085	7157	378	TP53	ARF4	chromatin immunoprecipitation assay	38749504	Homo sapiens	Chip-Atlas	-	-	-	-
Q96AQ6	Q3BBV0	57326	55672	PBXIP1	NBPF1	chromatin immunoprecipitation assay	38749504	Homo sapiens	Chip-Atlas	-	-	-	-
Q96AQ6	Q8TBG4	57326	64850	PBXIP1	ETNPPL	chromatin immunoprecipitation assay	38749504	Homo sapiens	Chip-Atlas	-	-	-	-
Q96AQ6	Q96J01	57326	84321	PBXIP1	THOC3	chromatin immunoprecipitation assay	38749504	Homo sapiens	Chip-Atlas	-	-	-	-
Q96AQ6	Q96RF0	57326	112574	PBXIP1	SNX18	chromatin immunoprecipitation assay	38749504	Homo sapiens	Chip-Atlas	-	-	-	-
Q96AQ6	P05114	57326	3150	PBXIP1	HMGN1	chromatin immunoprecipitation assay	38749504	Homo sapiens	Chip-Atlas	-	-	-	-
Q96AQ6	Q8TF72	57326	57619	PBXIP1	SHROOM3	chromatin immunoprecipitation assay	38749504	Homo sapiens	Chip-Atlas	-	-	-	-
Q96AQ6	P22732	57326	6518	PBXIP1	SLC2A5	chromatin immunoprecipitation assay	38749504	Homo sapiens	Chip-Atlas	-	-	-	-
Q96AQ6	Q9NTI2	57326	51761	PBXIP1	ATP8A2	chromatin immunoprecipitation assay	38749504	Homo sapiens	Chip-Atlas	-	-	-	-
P04637	Q96LB3	7157	80173	TP53	IFT74	chromatin immunoprecipitation assay	38749504	Homo sapiens	Chip-Atlas	-	-	-	-
Q96AQ6	Q96JB1	57326	1769	PBXIP1	DNAH8	chromatin immunoprecipitation assay	38749504	Homo sapiens	Chip-Atlas	-	-	-	-
Q96AQ6	A0A1B0GTU2	57326	100996492	PBXIP1	CTXND1	chromatin immunoprecipitation assay	38749504	Homo sapiens	Chip-Atlas	-	-	-	-
Q96AQ6	O14737	57326	9141	PBXIP1	PDCD5	chromatin immunoprecipitation assay	38749504	Homo sapiens	Chip-Atlas	-	-	-	-
Q96AQ6	P16870	57326	1363	PBXIP1	CPE	chromatin immunoprecipitation assay	38749504	Homo sapiens	Chip-Atlas	-	-	-	-
Q96AQ6	P47870	57326	2561	PBXIP1	GABRB2	chromatin immunoprecipitation assay	38749504	Homo sapiens	Chip-Atlas	-	-	-	-
Q96AQ6	Q5T1J5	57326		PBXIP1	CHCHD2P9	chromatin immunoprecipitation assay	38749504	Homo sapiens	Chip-Atlas	-	-	-	-
Q96AQ6	P35219	57326	767	PBXIP1	CA8	chromatin immunoprecipitation assay	38749504	Homo sapiens	Chip-Atlas	-	-	-	-
Q96AQ6	P41235	57326	3172	PBXIP1	HNF4A	chromatin immunoprecipitation assay	38749504	Homo sapiens	Chip-Atlas	-	-	-	-
P04637	A0A126LAU1	7157		TP53	U3	chromatin immunoprecipitation assay	38749504	Homo sapiens	Chip-Atlas	-	-	-	-
P04637	O43716	7157	283459	TP53	GATC	chromatin immunoprecipitation assay	38749504	Homo sapiens	Chip-Atlas	-	-	-	-
Q96AQ6	Q5DX21	57326	152404	PBXIP1	IGSF11	chromatin immunoprecipitation assay	38749504	Homo sapiens	Chip-Atlas	-	-	-	-
P04637	P11142	7157	3312	TP53	HSPA8	chromatin immunoprecipitation assay	38749504	Homo sapiens	Chip-Atlas	-	-	-	-
P04637	A6NFE3	7157	100130771	TP53	EFCAB10	chromatin immunoprecipitation assay	38749504	Homo sapiens	Chip-Atlas	-	-	-	-
Q96AQ6	Q96BM0	57326	122509	PBXIP1	IFI27L1	chromatin immunoprecipitation assay	38749504	Homo sapiens	Chip-Atlas	-	-	-	-
Q96AQ6	Q96G01	57326	636	PBXIP1	BICD1	chromatin immunoprecipitation assay	38749504	Homo sapiens	Chip-Atlas	-	-	-	-
Q96AQ6	A0A0C4DH55	57326		PBXIP1	IGKV3D-7	chromatin immunoprecipitation assay	38749504	Homo sapiens	Chip-Atlas	-	-	-	-
Q96AQ6	Q9UGN5	57326	10038	PBXIP1	PARP2	chromatin immunoprecipitation assay	38749504	Homo sapiens	Chip-Atlas	-	-	-	-
Q96AQ6	Q6UXF1	57326	66000	PBXIP1	TMEM108	chromatin immunoprecipitation assay	38749504	Homo sapiens	Chip-Atlas	-	-	-	-
Q96AQ6	Q14966	57326	27332	PBXIP1	ZNF638	chromatin immunoprecipitation assay	38749504	Homo sapiens	Chip-Atlas	-	-	-	-
Q96AQ6	Q6RFH8	57326		PBXIP1	DUX4L9	chromatin immunoprecipitation assay	38749504	Homo sapiens	Chip-Atlas	-	-	-	-
Q96AQ6	Q5TFE4	57326	221294	PBXIP1	NT5DC1	chromatin immunoprecipitation assay	38749504	Homo sapiens	Chip-Atlas	-	-	-	-
Q96AQ6	Q8IUH2	57326	200407	PBXIP1	CREG2	chromatin immunoprecipitation assay	38749504	Homo sapiens	Chip-Atlas	-	-	-	-
Q96AQ6	Q7Z6M2	57326	254170	PBXIP1	FBXO33	chromatin immunoprecipitation assay	38749504	Homo sapiens	Chip-Atlas	-	-	-	-
Q96AQ6	O14788	57326	8600	PBXIP1	TNFSF11	chromatin immunoprecipitation assay	38749504	Homo sapiens	Chip-Atlas	-	-	-	-
Q96AQ6	Q12774	57326	7984	PBXIP1	ARHGEF5	chromatin immunoprecipitation assay	38749504	Homo sapiens	Chip-Atlas	-	-	-	-
Q96AQ6	Q2VPA4	57326	1379	PBXIP1	CR1L	chromatin immunoprecipitation assay	38749504	Homo sapiens	Chip-Atlas	-	-	-	-
Q96AQ6	Q9Y5M8	57326	58477	PBXIP1	SRPRB	chromatin immunoprecipitation assay	38749504	Homo sapiens	Chip-Atlas	-	-	-	-
P04637	Q6RFH8	7157		TP53	DUX4L9	chromatin immunoprecipitation assay	38749504	Homo sapiens	Chip-Atlas	-	-	-	-
Q96AQ6	Q96MC2	57326	92749	PBXIP1	DRC1	chromatin immunoprecipitation assay	38749504	Homo sapiens	Chip-Atlas	-	-	-	-
P04637	Q4G0G2	7157		TP53	H1-10-AS1	chromatin immunoprecipitation assay	38749504	Homo sapiens	Chip-Atlas	-	-	-	-
Q96AQ6	Q8NCT3	57326	23366	PBXIP1	MATCAP2	chromatin immunoprecipitation assay	38749504	Homo sapiens	Chip-Atlas	-	-	-	-
Q96AQ6	Q9BZJ6	57326	81491	PBXIP1	GPR63	chromatin immunoprecipitation assay	38749504	Homo sapiens	Chip-Atlas	-	-	-	-
Q96AQ6	C4AMC7	57326		PBXIP1	WASH3P	chromatin immunoprecipitation assay	38749504	Homo sapiens	Chip-Atlas	-	-	-	-
Q96AQ6	P30154	57326	5519	PBXIP1	PPP2R1B	chromatin immunoprecipitation assay	38749504	Homo sapiens	Chip-Atlas	-	-	-	-
Q96AQ6	P16930	57326	2184	PBXIP1	FAH	chromatin immunoprecipitation assay	38749504	Homo sapiens	Chip-Atlas	-	-	-	-
Q96AQ6	A6NMY6	57326		PBXIP1	ANXA2P2	chromatin immunoprecipitation assay	38749504	Homo sapiens	Chip-Atlas	-	-	-	-
P04637	Q96DH6	7157	124540	TP53	MSI2	chromatin immunoprecipitation assay	38749504	Homo sapiens	Chip-Atlas	-	-	-	-
Q96AQ6	A1XBS5	57326	137392	PBXIP1	CIBAR1	chromatin immunoprecipitation assay	38749504	Homo sapiens	Chip-Atlas	-	-	-	-
Q96AQ6	P06756	57326	3685	PBXIP1	ITGAV	chromatin immunoprecipitation assay	38749504	Homo sapiens	Chip-Atlas	-	-	-	-
P04637	A6NMY6	7157		TP53	ANXA2P2	chromatin immunoprecipitation assay	38749504	Homo sapiens	Chip-Atlas	-	-	-	-
P04637	Q6ZW05	7157	442213	TP53	PTCHD4	chromatin immunoprecipitation assay	38749504	Homo sapiens	Chip-Atlas	-	-	-	-
Q96AQ6	Q9Y2D5	57326	445815	PBXIP1	PALM2AKAP2	chromatin immunoprecipitation assay	38749504	Homo sapiens	Chip-Atlas	-	-	-	-
Q96AQ6	P21589	57326	4907	PBXIP1	NT5E	chromatin immunoprecipitation assay	38749504	Homo sapiens	Chip-Atlas	-	-	-	-
Q96AQ6	Q9UBY0	57326	6549	PBXIP1	SLC9A2	chromatin immunoprecipitation assay	38749504	Homo sapiens	Chip-Atlas	-	-	-	-
Q96AQ6	Q9ULJ8	57326	55607	PBXIP1	PPP1R9A	chromatin immunoprecipitation assay	38749504	Homo sapiens	Chip-Atlas	-	-	-	-
Q96AQ6	P32239	57326	887	PBXIP1	CCKBR	chromatin immunoprecipitation assay	38749504	Homo sapiens	Chip-Atlas	-	-	-	-
Q96AQ6	Q9Y689	57326	26225	PBXIP1	ARL5A	chromatin immunoprecipitation assay	38749504	Homo sapiens	Chip-Atlas	-	-	-	-
Q96AQ6	Q9BWT1	57326	83879	PBXIP1	CDCA7	chromatin immunoprecipitation assay	38749504	Homo sapiens	Chip-Atlas	-	-	-	-
Q96AQ6	P35869	57326	196	PBXIP1	AHR	chromatin immunoprecipitation assay	38749504	Homo sapiens	Chip-Atlas	-	-	-	-
Q96AQ6	Q5VWN6	57326	54906	PBXIP1	TASOR2	chromatin immunoprecipitation assay	38749504	Homo sapiens	Chip-Atlas	-	-	-	-
Q96AQ6	Q01850	57326	1039	PBXIP1	CDR2	chromatin immunoprecipitation assay	38749504	Homo sapiens	Chip-Atlas	-	-	-	-
P04637	P67809	7157	4904	TP53	YBX1	chromatin immunoprecipitation assay	38749504	Homo sapiens	Chip-Atlas	-	-	-	-
Q96AQ6	A0A1B0GU71	57326	101929355	PBXIP1	CFAP97D2	chromatin immunoprecipitation assay	38749504	Homo sapiens	Chip-Atlas	-	-	-	-
Q96AQ6	Q7L4P6	57326	79656	PBXIP1	BEND5	chromatin immunoprecipitation assay	38749504	Homo sapiens	Chip-Atlas	-	-	-	-
Q96AQ6	O94788	57326	8854	PBXIP1	ALDH1A2	chromatin immunoprecipitation assay	38749504	Homo sapiens	Chip-Atlas	-	-	-	-
Q96AQ6	Q96DX8	57326	64108	PBXIP1	RTP4	chromatin immunoprecipitation assay	38749504	Homo sapiens	Chip-Atlas	-	-	-	-
Q96AQ6	Q13370	57326	5140	PBXIP1	PDE3B	chromatin immunoprecipitation assay	38749504	Homo sapiens	Chip-Atlas	-	-	-	-
Q96AQ6	Q9NWB6	57326	55082	PBXIP1	ARGLU1	chromatin immunoprecipitation assay	38749504	Homo sapiens	Chip-Atlas	-	-	-	-
Q96AQ6	Q8IXK0	57326	1912	PBXIP1	PHC2	chromatin immunoprecipitation assay	38749504	Homo sapiens	Chip-Atlas	-	-	-	-
Q96AQ6	O43795	57326	4430	PBXIP1	MYO1B	chromatin immunoprecipitation assay	38749504	Homo sapiens	Chip-Atlas	-	-	-	-
P04637	Q5VVM6	7157	728621	TP53	CCDC30	chromatin immunoprecipitation assay	38749504	Homo sapiens	Chip-Atlas	-	-	-	-
Q96AQ6	P78509	57326	5649	PBXIP1	RELN	chromatin immunoprecipitation assay	38749504	Homo sapiens	Chip-Atlas	-	-	-	-
P04637	P08670	7157	7431	TP53	VIM	chromatin immunoprecipitation assay	38749504	Homo sapiens	Chip-Atlas	-	-	-	-
Q96AQ6	O15394	57326	4685	PBXIP1	NCAM2	chromatin immunoprecipitation assay	38749504	Homo sapiens	Chip-Atlas	-	-	-	-
Q96AQ6	Q5HYK9	57326	63934	PBXIP1	ZNF667	chromatin immunoprecipitation assay	38749504	Homo sapiens	Chip-Atlas	-	-	-	-
Q96AQ6	Q15166	57326	5446	PBXIP1	PON3	chromatin immunoprecipitation assay	38749504	Homo sapiens	Chip-Atlas	-	-	-	-
Q96AQ6	P55884	57326	8662	PBXIP1	EIF3B	chromatin immunoprecipitation assay	38749504	Homo sapiens	Chip-Atlas	-	-	-	-
Q96AQ6	Q16798	57326	10873	PBXIP1	ME3	chromatin immunoprecipitation assay	38749504	Homo sapiens	Chip-Atlas	-	-	-	-
P04637	Q14103	7157	3184	TP53	HNRNPD	chromatin immunoprecipitation assay	38749504	Homo sapiens	Chip-Atlas	-	-	-	-
Q96AQ6	P0DJD0	57326	400966	PBXIP1	RGPD1	chromatin immunoprecipitation assay	38749504	Homo sapiens	Chip-Atlas	-	-	-	-
Q96AQ6	P15882	57326	1123	PBXIP1	CHN1	chromatin immunoprecipitation assay	38749504	Homo sapiens	Chip-Atlas	-	-	-	-
Q96AQ6	Q15057	57326	23527	PBXIP1	ACAP2	chromatin immunoprecipitation assay	38749504	Homo sapiens	Chip-Atlas	-	-	-	-
Q96AQ6	Q92915	57326	2259	PBXIP1	FGF14	chromatin immunoprecipitation assay	38749504	Homo sapiens	Chip-Atlas	-	-	-	-
Q96AQ6	Q05940	57326	6571	PBXIP1	SLC18A2	chromatin immunoprecipitation assay	38749504	Homo sapiens	Chip-Atlas	-	-	-	-
P04637	Q5VTU8	7157		TP53	ATP5F1EP2	chromatin immunoprecipitation assay	38749504	Homo sapiens	Chip-Atlas	-	-	-	-
Q96AQ6	Q9NQX1	57326	11107	PBXIP1	PRDM5	chromatin immunoprecipitation assay	38749504	Homo sapiens	Chip-Atlas	-	-	-	-
Q96AQ6	O94955	57326	22836	PBXIP1	RHOBTB3	chromatin immunoprecipitation assay	38749504	Homo sapiens	Chip-Atlas	-	-	-	-
Q96AQ6	Q13637	57326	10981	PBXIP1	RAB32	chromatin immunoprecipitation assay	38749504	Homo sapiens	Chip-Atlas	-	-	-	-
Q96AQ6	Q6UVY6	57326	26002	PBXIP1	MOXD1	chromatin immunoprecipitation assay	38749504	Homo sapiens	Chip-Atlas	-	-	-	-
P04637	P08195	7157	6520	TP53	SLC3A2	chromatin immunoprecipitation assay	38749504	Homo sapiens	Chip-Atlas	-	-	-	-
P04637	Q9BSJ8	7157	23344	TP53	ESYT1	chromatin immunoprecipitation assay	38749504	Homo sapiens	Chip-Atlas	-	-	-	-
Q96AQ6	O14827	57326	5924	PBXIP1	RASGRF2	chromatin immunoprecipitation assay	38749504	Homo sapiens	Chip-Atlas	-	-	-	-
Q96AQ6	A8CG34	57326		PBXIP1	POM121C	chromatin immunoprecipitation assay	38749504	Homo sapiens	Chip-Atlas	-	-	-	-
Q96AQ6	Q8IZ96	57326	113540	PBXIP1	CMTM1	chromatin immunoprecipitation assay	38749504	Homo sapiens	Chip-Atlas	-	-	-	-
Q96AQ6	P78369	57326	9071	PBXIP1	CLDN10	chromatin immunoprecipitation assay	38749504	Homo sapiens	Chip-Atlas	-	-	-	-
Q96AQ6	P54803	57326	2581	PBXIP1	GALC	chromatin immunoprecipitation assay	38749504	Homo sapiens	Chip-Atlas	-	-	-	-
P04637	O95168	7157	4710	TP53	NDUFB4	chromatin immunoprecipitation assay	38749504	Homo sapiens	Chip-Atlas	-	-	-	-
Q96AQ6	Q14894	57326	1428	PBXIP1	CRYM	chromatin immunoprecipitation assay	38749504	Homo sapiens	Chip-Atlas	-	-	-	-
P04637	Q00987	7157	4193	TP53	MDM2	chromatin immunoprecipitation assay	38749504	Homo sapiens	Chip-Atlas	-	-	-	-
Q96AQ6	Q15911	57326	463	PBXIP1	ZFHX3	chromatin immunoprecipitation assay	38749504	Homo sapiens	Chip-Atlas	-	-	-	-
Q96AQ6	P32856	57326	2054	PBXIP1	STX2	chromatin immunoprecipitation assay	38749504	Homo sapiens	Chip-Atlas	-	-	-	-
Q96AQ6	O60279	57326	26032	PBXIP1	SUSD5	chromatin immunoprecipitation assay	38749504	Homo sapiens	Chip-Atlas	-	-	-	-
Q96AQ6	O43741	57326	5565	PBXIP1	PRKAB2	chromatin immunoprecipitation assay	38749504	Homo sapiens	Chip-Atlas	-	-	-	-
Q96AQ6	P0CJ90	57326		PBXIP1	DUX4L7	chromatin immunoprecipitation assay	38749504	Homo sapiens	Chip-Atlas	-	-	-	-
Q96AQ6	Q5TYW2	57326	84210	PBXIP1	ANKRD20A1	chromatin immunoprecipitation assay	38749504	Homo sapiens	Chip-Atlas	-	-	-	-
Q96AQ6	O00476	57326	10786	PBXIP1	SLC17A3	chromatin immunoprecipitation assay	38749504	Homo sapiens	Chip-Atlas	-	-	-	-
P04637	P08123	7157	1278	TP53	COL1A2	chromatin immunoprecipitation assay	38749504	Homo sapiens	Chip-Atlas	-	-	-	-
P04637	E9PQ53	7157	100532726	TP53	NDUFC2-KCTD14	chromatin immunoprecipitation assay	38749504	Homo sapiens	Chip-Atlas	-	-	-	-
Q96AQ6	Q6P3W6	57326	100132406	PBXIP1	NBPF10	chromatin immunoprecipitation assay	38749504	Homo sapiens	Chip-Atlas	-	-	-	-
Q96AQ6	Q6NT04	57326	91151	PBXIP1	TIGD7	chromatin immunoprecipitation assay	38749504	Homo sapiens	Chip-Atlas	-	-	-	-
Q96AQ6	P0DMB2	57326	100127983	PBXIP1	C8orf88	chromatin immunoprecipitation assay	38749504	Homo sapiens	Chip-Atlas	-	-	-	-
Q96AQ6	P55345	57326	3275	PBXIP1	PRMT2	chromatin immunoprecipitation assay	38749504	Homo sapiens	Chip-Atlas	-	-	-	-
Q96AQ6	O00330	57326	8050	PBXIP1	PDHX	chromatin immunoprecipitation assay	38749504	Homo sapiens	Chip-Atlas	-	-	-	-
P04637	Q8WTP8	7157	64782	TP53	AEN	chromatin immunoprecipitation assay	38749504	Homo sapiens	Chip-Atlas	-	-	-	-
Q96AQ6	P22694	57326	5567	PBXIP1	PRKACB	chromatin immunoprecipitation assay	38749504	Homo sapiens	Chip-Atlas	-	-	-	-
Q96AQ6	P26232	57326	1496	PBXIP1	CTNNA2	chromatin immunoprecipitation assay	38749504	Homo sapiens	Chip-Atlas	-	-	-	-
Q96AQ6	O95677	57326	2070	PBXIP1	EYA4	chromatin immunoprecipitation assay	38749504	Homo sapiens	Chip-Atlas	-	-	-	-
Q96AQ6	Q15761	57326	4889	PBXIP1	NPY5R	chromatin immunoprecipitation assay	38749504	Homo sapiens	Chip-Atlas	-	-	-	-
Q96AQ6	P12235	57326	291	PBXIP1	SLC25A4	chromatin immunoprecipitation assay	38749504	Homo sapiens	Chip-Atlas	-	-	-	-
Q96AQ6	P25786	57326	5682	PBXIP1	PSMA1	chromatin immunoprecipitation assay	38749504	Homo sapiens	Chip-Atlas	-	-	-	-
P04637	P32969	7157	6133	TP53	RPL9P7	chromatin immunoprecipitation assay	38749504	Homo sapiens	Chip-Atlas	-	-	-	-
Q96AQ6	A8MUL3	57326		PBXIP1	ADARB2-AS1	chromatin immunoprecipitation assay	38749504	Homo sapiens	Chip-Atlas	-	-	-	-
Q96AQ6	P49190	57326	5746	PBXIP1	PTH2R	chromatin immunoprecipitation assay	38749504	Homo sapiens	Chip-Atlas	-	-	-	-
Q96AQ6	A0A126LAV6	57326		PBXIP1	U2	chromatin immunoprecipitation assay	38749504	Homo sapiens	Chip-Atlas	-	-	-	-
P04637	P04792	7157	3315	TP53	HSPB1	chromatin immunoprecipitation assay	38749504	Homo sapiens	Chip-Atlas	-	-	-	-
Q96AQ6	Q9NR81	57326	50650	PBXIP1	ARHGEF3	chromatin immunoprecipitation assay	38749504	Homo sapiens	Chip-Atlas	-	-	-	-
Q96AQ6	Q9NP95	57326	26281	PBXIP1	FGF20	chromatin immunoprecipitation assay	38749504	Homo sapiens	Chip-Atlas	-	-	-	-
Q96AQ6	Q0D2K5	57326		PBXIP1	EGFEM1P	chromatin immunoprecipitation assay	38749504	Homo sapiens	Chip-Atlas	-	-	-	-
Q96AQ6	Q5TZA2	57326	9696	PBXIP1	CROCC	chromatin immunoprecipitation assay	38749504	Homo sapiens	Chip-Atlas	-	-	-	-
Q96AQ6	Q96JJ7	57326	54495	PBXIP1	TMX3	chromatin immunoprecipitation assay	38749504	Homo sapiens	Chip-Atlas	-	-	-	-
P04637	Q9Y5V3	7157	9500	TP53	MAGED1	chromatin immunoprecipitation assay	38749504	Homo sapiens	Chip-Atlas	-	-	-	-
Q96AQ6	Q14126	57326	1829	PBXIP1	DSG2	chromatin immunoprecipitation assay	38749504	Homo sapiens	Chip-Atlas	-	-	-	-
Q96AQ6	Q5VTE0	57326		PBXIP1	EEF1A1P5	chromatin immunoprecipitation assay	38749504	Homo sapiens	Chip-Atlas	-	-	-	-
Q96AQ6	Q9NYC9	57326	1770	PBXIP1	DNAH9	chromatin immunoprecipitation assay	38749504	Homo sapiens	Chip-Atlas	-	-	-	-
Q96AQ6	P55286	57326	1006	PBXIP1	CDH8	chromatin immunoprecipitation assay	38749504	Homo sapiens	Chip-Atlas	-	-	-	-
P04637	Q5VTE0	7157		TP53	EEF1A1P5	chromatin immunoprecipitation assay	38749504	Homo sapiens	Chip-Atlas	-	-	-	-
Q96AQ6	P30307	57326	995	PBXIP1	CDC25C	chromatin immunoprecipitation assay	38749504	Homo sapiens	Chip-Atlas	-	-	-	-
Q96AQ6	Q5TGI0	57326	84553	PBXIP1	FAXC	chromatin immunoprecipitation assay	38749504	Homo sapiens	Chip-Atlas	-	-	-	-
Q96AQ6	Q8WWT9	57326	64849	PBXIP1	SLC13A3	chromatin immunoprecipitation assay	38749504	Homo sapiens	Chip-Atlas	-	-	-	-
Q96AQ6	Q8TAA9	57326	81839	PBXIP1	VANGL1	chromatin immunoprecipitation assay	38749504	Homo sapiens	Chip-Atlas	-	-	-	-
Q96AQ6	Q9NQ92	57326	55352	PBXIP1	COPRS	chromatin immunoprecipitation assay	38749504	Homo sapiens	Chip-Atlas	-	-	-	-
P04637	P27348	7157	10971	TP53	YWHAQ	chromatin immunoprecipitation assay	38749504	Homo sapiens	Chip-Atlas	-	-	-	-
Q96AQ6	B2RXF0	57326	730130	PBXIP1	TMEM229A	chromatin immunoprecipitation assay	38749504	Homo sapiens	Chip-Atlas	-	-	-	-
Q96AQ6	Q9BWF3	57326	5936	PBXIP1	RBM4	chromatin immunoprecipitation assay	38749504	Homo sapiens	Chip-Atlas	-	-	-	-
Q96AQ6	Q9HCF6	57326	80036	PBXIP1	TRPM3	chromatin immunoprecipitation assay	38749504	Homo sapiens	Chip-Atlas	-	-	-	-
P04637	Q76M96	7157	151887	TP53	CCDC80	chromatin immunoprecipitation assay	38749504	Homo sapiens	Chip-Atlas	-	-	-	-
Q96AQ6	Q53H12	57326	55750	PBXIP1	AGK	chromatin immunoprecipitation assay	38749504	Homo sapiens	Chip-Atlas	-	-	-	-
Q96AQ6	Q684P5	57326	23108	PBXIP1	RAP1GAP2	chromatin immunoprecipitation assay	38749504	Homo sapiens	Chip-Atlas	-	-	-	-
Q96AQ6	Q6PH81	57326	388272	PBXIP1	C16orf87	chromatin immunoprecipitation assay	38749504	Homo sapiens	Chip-Atlas	-	-	-	-
Q96AQ6	Q96A65	57326	60412	PBXIP1	EXOC4	chromatin immunoprecipitation assay	38749504	Homo sapiens	Chip-Atlas	-	-	-	-
Q96AQ6	Q9Y6H6	57326	10008	PBXIP1	KCNE3	chromatin immunoprecipitation assay	38749504	Homo sapiens	Chip-Atlas	-	-	-	-
Q96AQ6	Q96CG8	57326	115908	PBXIP1	CTHRC1	chromatin immunoprecipitation assay	38749504	Homo sapiens	Chip-Atlas	-	-	-	-
Q96AQ6	P26378	57326	1996	PBXIP1	ELAVL4	chromatin immunoprecipitation assay	38749504	Homo sapiens	Chip-Atlas	-	-	-	-
P04637	P38936	7157	1026	TP53	CDKN1A	chromatin immunoprecipitation assay	38749504	Homo sapiens	Chip-Atlas	-	-	-	-
Q96AQ6	Q9HC23	57326	60675	PBXIP1	PROK2	chromatin immunoprecipitation assay	38749504	Homo sapiens	Chip-Atlas	-	-	-	-
Q96AQ6	Q02297	57326	3084	PBXIP1	NRG1	chromatin immunoprecipitation assay	38749504	Homo sapiens	Chip-Atlas	-	-	-	-
Q96AQ6	Q8TDB4	57326	84709	PBXIP1	MGARP	chromatin immunoprecipitation assay	38749504	Homo sapiens	Chip-Atlas	-	-	-	-
Q96AQ6	Q5VT28	57326		PBXIP1	FAM27C	chromatin immunoprecipitation assay	38749504	Homo sapiens	Chip-Atlas	-	-	-	-
Q96AQ6	Q9P2K8	57326	440275	PBXIP1	EIF2AK4	chromatin immunoprecipitation assay	38749504	Homo sapiens	Chip-Atlas	-	-	-	-
P04637	Q9NR31	7157	56681	TP53	SAR1A	chromatin immunoprecipitation assay	38749504	Homo sapiens	Chip-Atlas	-	-	-	-
P04637	P02792	7157	2512	TP53	FTL	chromatin immunoprecipitation assay	38749504	Homo sapiens	Chip-Atlas	-	-	-	-
P04637	Q5VT28	7157		TP53	FAM27C	chromatin immunoprecipitation assay	38749504	Homo sapiens	Chip-Atlas	-	-	-	-
Q96AQ6	P62273	57326	6235	PBXIP1	RPS29	chromatin immunoprecipitation assay	38749504	Homo sapiens	Chip-Atlas	-	-	-	-
Q96AQ6	Q8N4F7	57326	285533	PBXIP1	RNF175	chromatin immunoprecipitation assay	38749504	Homo sapiens	Chip-Atlas	-	-	-	-
Q96AQ6	Q13639	57326	3360	PBXIP1	HTR4	chromatin immunoprecipitation assay	38749504	Homo sapiens	Chip-Atlas	-	-	-	-
P04637	P62273	7157	6235	TP53	RPS29	chromatin immunoprecipitation assay	38749504	Homo sapiens	Chip-Atlas	-	-	-	-
Q96AQ6	Q08499	57326	5144	PBXIP1	PDE4D	chromatin immunoprecipitation assay	38749504	Homo sapiens	Chip-Atlas	-	-	-	-
Q96AQ6	Q6DN14	57326	79772	PBXIP1	MCTP1	chromatin immunoprecipitation assay	38749504	Homo sapiens	Chip-Atlas	-	-	-	-
Q96AQ6	P17936	57326	3486	PBXIP1	IGFBP3	chromatin immunoprecipitation assay	38749504	Homo sapiens	Chip-Atlas	-	-	-	-
Q96AQ6	Q6UXZ4	57326	137970	PBXIP1	UNC5D	chromatin immunoprecipitation assay	38749504	Homo sapiens	Chip-Atlas	-	-	-	-
P04637	P62736	7157	59	TP53	ACTA2	chromatin immunoprecipitation assay	38749504	Homo sapiens	Chip-Atlas	-	-	-	-
Q96AQ6	O60331	57326	23396	PBXIP1	PIP5K1C	chromatin immunoprecipitation assay	38749504	Homo sapiens	Chip-Atlas	-	-	-	-
Q96AQ6	Q9UMX0	57326	29979	PBXIP1	UBQLN1	chromatin immunoprecipitation assay	38749504	Homo sapiens	Chip-Atlas	-	-	-	-
Q96AQ6	Q9Y216	57326	9108	PBXIP1	MTMR7	chromatin immunoprecipitation assay	38749504	Homo sapiens	Chip-Atlas	-	-	-	-
Q96AQ6	Q9BQI4	57326	83643	PBXIP1	CCDC3	chromatin immunoprecipitation assay	38749504	Homo sapiens	Chip-Atlas	-	-	-	-
Q96AQ6	Q5VWX1	57326	202559	PBXIP1	KHDRBS2	chromatin immunoprecipitation assay	38749504	Homo sapiens	Chip-Atlas	-	-	-	-
Q96AQ6	Q9UI40	57326	25769	PBXIP1	SLC24A2	chromatin immunoprecipitation assay	38749504	Homo sapiens	Chip-Atlas	-	-	-	-
Q96AQ6	P58743	57326	375611	PBXIP1	SLC26A5	chromatin immunoprecipitation assay	38749504	Homo sapiens	Chip-Atlas	-	-	-	-
P04637	Q9Y303	7157	51005	TP53	AMDHD2	chromatin immunoprecipitation assay	38749504	Homo sapiens	Chip-Atlas	-	-	-	-
Q96AQ6	Q0VAM2	57326	153020	PBXIP1	RASGEF1B	chromatin immunoprecipitation assay	38749504	Homo sapiens	Chip-Atlas	-	-	-	-
Q96AQ6	Q8WY21	57326	114815	PBXIP1	SORCS1	chromatin immunoprecipitation assay	38749504	Homo sapiens	Chip-Atlas	-	-	-	-
Q96AQ6	Q13258	57326	5729	PBXIP1	PTGDR	chromatin immunoprecipitation assay	38749504	Homo sapiens	Chip-Atlas	-	-	-	-
Q96AQ6	Q9BZ19	57326	140731	PBXIP1	ANKRD60	chromatin immunoprecipitation assay	38749504	Homo sapiens	Chip-Atlas	-	-	-	-
Q96AQ6	Q9P0L2	57326	4139	PBXIP1	MARK1	chromatin immunoprecipitation assay	38749504	Homo sapiens	Chip-Atlas	-	-	-	-
Q96AQ6	Q96M60	57326	196951	PBXIP1	FAM227B	chromatin immunoprecipitation assay	38749504	Homo sapiens	Chip-Atlas	-	-	-	-
Q96AQ6	O60443	57326	1687	PBXIP1	GSDME	chromatin immunoprecipitation assay	38749504	Homo sapiens	Chip-Atlas	-	-	-	-
Q96AQ6	Q96QF0	57326	117177	PBXIP1	RAB3IP	chromatin immunoprecipitation assay	38749504	Homo sapiens	Chip-Atlas	-	-	-	-
Q96AQ6	Q86T96	57326	285671	PBXIP1	RNF180	chromatin immunoprecipitation assay	38749504	Homo sapiens	Chip-Atlas	-	-	-	-
Q96AQ6	Q765I0	57326	257313	PBXIP1	UTS2B	chromatin immunoprecipitation assay	38749504	Homo sapiens	Chip-Atlas	-	-	-	-
Q96AQ6	O14576	57326	1780	PBXIP1	DYNC1I1	chromatin immunoprecipitation assay	38749504	Homo sapiens	Chip-Atlas	-	-	-	-
P04637	Q9NQC3	7157	57142	TP53	RTN4	chromatin immunoprecipitation assay	38749504	Homo sapiens	Chip-Atlas	-	-	-	-
Q96AQ6	P78424	57326	11281	PBXIP1	POU6F2	chromatin immunoprecipitation assay	38749504	Homo sapiens	Chip-Atlas	-	-	-	-
P04637	Q96PG8	7157	27113	TP53	BBC3	chromatin immunoprecipitation assay	38749504	Homo sapiens	Chip-Atlas	-	-	-	-
Q96AQ6	Q96J86	57326	116159	PBXIP1	CYYR1	chromatin immunoprecipitation assay	38749504	Homo sapiens	Chip-Atlas	-	-	-	-
Q96AQ6	Q8NFW9	57326	25924	PBXIP1	MYRIP	chromatin immunoprecipitation assay	38749504	Homo sapiens	Chip-Atlas	-	-	-	-
Q96AQ6	Q96N20	57326	7627	PBXIP1	ZNF75A	chromatin immunoprecipitation assay	38749504	Homo sapiens	Chip-Atlas	-	-	-	-
P04637	P60660	7157	4637	TP53	MYL6	chromatin immunoprecipitation assay	38749504	Homo sapiens	Chip-Atlas	-	-	-	-
Q96AQ6	P43405	57326	6850	PBXIP1	SYK	chromatin immunoprecipitation assay	38749504	Homo sapiens	Chip-Atlas	-	-	-	-
Q96AQ6	Q9BYT3	57326	65975	PBXIP1	STK33	chromatin immunoprecipitation assay	38749504	Homo sapiens	Chip-Atlas	-	-	-	-
Q96AQ6	Q9UHL0	57326	29118	PBXIP1	DDX25	chromatin immunoprecipitation assay	38749504	Homo sapiens	Chip-Atlas	-	-	-	-
Q96AQ6	Q8IWV2	57326	152330	PBXIP1	CNTN4	chromatin immunoprecipitation assay	38749504	Homo sapiens	Chip-Atlas	-	-	-	-
Q96AQ6	Q9H6L2	57326	79583	PBXIP1	TMEM231	chromatin immunoprecipitation assay	38749504	Homo sapiens	Chip-Atlas	-	-	-	-
Q96AQ6	Q9Y278	57326	9956	PBXIP1	HS3ST2	chromatin immunoprecipitation assay	38749504	Homo sapiens	Chip-Atlas	-	-	-	-
Q96AQ6	Q8IZ08	57326	64582	PBXIP1	GPR135	chromatin immunoprecipitation assay	38749504	Homo sapiens	Chip-Atlas	-	-	-	-
Q96AQ6	Q86XR7	57326	100302736;353376	PBXIP1	TICAM2	chromatin immunoprecipitation assay	38749504	Homo sapiens	Chip-Atlas	-	-	-	-
Q96AQ6	Q9BT56	57326	80763	PBXIP1	SPX	chromatin immunoprecipitation assay	38749504	Homo sapiens	Chip-Atlas	-	-	-	-
P04637	Q07812	7157	581	TP53	BAX	chromatin immunoprecipitation assay	38749504	Homo sapiens	Chip-Atlas	-	-	-	-
Q96AQ6	P08758	57326	308	PBXIP1	ANXA5	chromatin immunoprecipitation assay	38749504	Homo sapiens	Chip-Atlas	-	-	-	-
Q96AQ6	Q7L1S5	57326	83539	PBXIP1	CHST9	chromatin immunoprecipitation assay	38749504	Homo sapiens	Chip-Atlas	-	-	-	-
Q96AQ6	P35443	57326	7060	PBXIP1	THBS4	chromatin immunoprecipitation assay	38749504	Homo sapiens	Chip-Atlas	-	-	-	-
P04637	Q96K80	7157	84872	TP53	ZC3H10	chromatin immunoprecipitation assay	38749504	Homo sapiens	Chip-Atlas	-	-	-	-
Q96AQ6	P11940	57326	26986	PBXIP1	PABPC1	chromatin immunoprecipitation assay	38749504	Homo sapiens	Chip-Atlas	-	-	-	-
Q96AQ6	Q9BYR9	57326	730755;85294	PBXIP1	KRTAP2-4	chromatin immunoprecipitation assay	38749504	Homo sapiens	Chip-Atlas	-	-	-	-
Q96AQ6	Q9HAT8	57326	57161	PBXIP1	PELI2	chromatin immunoprecipitation assay	38749504	Homo sapiens	Chip-Atlas	-	-	-	-
Q96AQ6	Q9H9P2	57326	140578	PBXIP1	CHODL	chromatin immunoprecipitation assay	38749504	Homo sapiens	Chip-Atlas	-	-	-	-
P04637	P11940	7157	26986	TP53	PABPC1	chromatin immunoprecipitation assay	38749504	Homo sapiens	Chip-Atlas	-	-	-	-
Q96AQ6	Q9NQC7	57326	1540	PBXIP1	CYLD	chromatin immunoprecipitation assay	38749504	Homo sapiens	Chip-Atlas	-	-	-	-
P04637	O95865	7157	23564	TP53	DDAH2	chromatin immunoprecipitation assay	38749504	Homo sapiens	Chip-Atlas	-	-	-	-
Q96AQ6	Q9BZF1	57326	114882	PBXIP1	OSBPL8	chromatin immunoprecipitation assay	38749504	Homo sapiens	Chip-Atlas	-	-	-	-
Q96AQ6	P53708	57326	8516	PBXIP1	ITGA8	chromatin immunoprecipitation assay	38749504	Homo sapiens	Chip-Atlas	-	-	-	-
Q96AQ6	O43529	57326	9486	PBXIP1	CHST10	chromatin immunoprecipitation assay	38749504	Homo sapiens	Chip-Atlas	-	-	-	-
Q96AQ6	Q9UM63	57326	5325	PBXIP1	PLAGL1	chromatin immunoprecipitation assay	38749504	Homo sapiens	Chip-Atlas	-	-	-	-
P04637	P62847	7157	6229	TP53	RPS24	chromatin immunoprecipitation assay	38749504	Homo sapiens	Chip-Atlas	-	-	-	-
Q96AQ6	A1L3X0	57326	79993	PBXIP1	ELOVL7	chromatin immunoprecipitation assay	38749504	Homo sapiens	Chip-Atlas	-	-	-	-
Q96AQ6	Q9P2F6	57326	57569	PBXIP1	ARHGAP20	chromatin immunoprecipitation assay	38749504	Homo sapiens	Chip-Atlas	-	-	-	-
P04637	Q00839	7157	3192	TP53	HNRNPU	chromatin immunoprecipitation assay	38749504	Homo sapiens	Chip-Atlas	-	-	-	-
Q96AQ6	Q9H8W2	57326		PBXIP1	LINC00472	chromatin immunoprecipitation assay	38749504	Homo sapiens	Chip-Atlas	-	-	-	-
Q96AQ6	Q9BPX7	57326	79020	PBXIP1	C7orf25	chromatin immunoprecipitation assay	38749504	Homo sapiens	Chip-Atlas	-	-	-	-
Q96AQ6	Q8J025	57326	147495	PBXIP1	APCDD1	chromatin immunoprecipitation assay	38749504	Homo sapiens	Chip-Atlas	-	-	-	-
Q96AQ6	Q8NHW5	57326		PBXIP1	RPLP0P6	chromatin immunoprecipitation assay	38749504	Homo sapiens	Chip-Atlas	-	-	-	-
Q96AQ6	P58400	57326	9378	PBXIP1	NRXN1	chromatin immunoprecipitation assay	38749504	Homo sapiens	Chip-Atlas	-	-	-	-
Q96AQ6	P61647	57326	338596	PBXIP1	ST8SIA6	chromatin immunoprecipitation assay	38749504	Homo sapiens	Chip-Atlas	-	-	-	-
P04637	Q16553	7157	4061	TP53	LY6E	chromatin immunoprecipitation assay	38749504	Homo sapiens	Chip-Atlas	-	-	-	-
Q96AQ6	Q9NUZ1	57326	55289	PBXIP1	ACOXL	chromatin immunoprecipitation assay	38749504	Homo sapiens	Chip-Atlas	-	-	-	-
P04637	P02452	7157	1277	TP53	COL1A1	chromatin immunoprecipitation assay	38749504	Homo sapiens	Chip-Atlas	-	-	-	-
P04637	Q8NHW5	7157		TP53	RPLP0P6	chromatin immunoprecipitation assay	38749504	Homo sapiens	Chip-Atlas	-	-	-	-
Q96AQ6	Q6MZW2	57326	23105	PBXIP1	FSTL4	chromatin immunoprecipitation assay	38749504	Homo sapiens	Chip-Atlas	-	-	-	-
Q96AQ6	Q9UBX8	57326	9331	PBXIP1	B4GALT6	chromatin immunoprecipitation assay	38749504	Homo sapiens	Chip-Atlas	-	-	-	-
Q96AQ6	Q96P65	57326	84109	PBXIP1	QRFPR	chromatin immunoprecipitation assay	38749504	Homo sapiens	Chip-Atlas	-	-	-	-
Q96AQ6	Q9HCJ3	57326	55225	PBXIP1	RAVER2	chromatin immunoprecipitation assay	38749504	Homo sapiens	Chip-Atlas	-	-	-	-
Q96AQ6	Q9HCK1	57326	57683	PBXIP1	ZDBF2	chromatin immunoprecipitation assay	38749504	Homo sapiens	Chip-Atlas	-	-	-	-
Q96AQ6	Q9NYF0	57326	51339	PBXIP1	DACT1	chromatin immunoprecipitation assay	38749504	Homo sapiens	Chip-Atlas	-	-	-	-
Q96AQ6	Q9H098	57326	83641	PBXIP1	FAM107B	chromatin immunoprecipitation assay	38749504	Homo sapiens	Chip-Atlas	-	-	-	-
P04637	O60361	7157		TP53	NME2P1	chromatin immunoprecipitation assay	38749504	Homo sapiens	Chip-Atlas	-	-	-	-
Q96AQ6	Q6N043	57326	54816	PBXIP1	ZNF280D	chromatin immunoprecipitation assay	38749504	Homo sapiens	Chip-Atlas	-	-	-	-
Q96AQ6	O43829	57326	7541	PBXIP1	ZBTB14	chromatin immunoprecipitation assay	38749504	Homo sapiens	Chip-Atlas	-	-	-	-
Q96AQ6	Q13563	57326	5311	PBXIP1	PKD2	chromatin immunoprecipitation assay	38749504	Homo sapiens	Chip-Atlas	-	-	-	-
P04637	P40261	7157	4837	TP53	NNMT	chromatin immunoprecipitation assay	38749504	Homo sapiens	Chip-Atlas	-	-	-	-
Q96AQ6	Q8N2N9	57326	57730	PBXIP1	ANKRD36B	chromatin immunoprecipitation assay	38749504	Homo sapiens	Chip-Atlas	-	-	-	-
Q96AQ6	P47893	57326	4995	PBXIP1	OR3A2	chromatin immunoprecipitation assay	38749504	Homo sapiens	Chip-Atlas	-	-	-	-
